CrowdSize,Area,Density,Exits,EventType,Risk,EventName
15895,1060,14.995283018867925,8,0,1,Synthetic
11384,5934,1.9184361307718234,3,2,0,Synthetic
4526,5778,0.7833160263066805,8,0,0,Synthetic
11463,8522,1.3451067824454352,6,0,0,Synthetic
869,7149,0.12155546230241993,2,0,0,Synthetic
17668,4755,3.7156677181913773,6,0,0,Synthetic
8766,9474,0.9252691576947435,3,2,0,Synthetic
1367,1728,0.7910879629629629,3,0,0,Synthetic
3990,9038,0.44146935162646606,5,0,0,Synthetic
14602,5593,2.6107634543178975,4,0,0,Synthetic
10655,8633,1.2342175373566546,9,1,0,Synthetic
2712,7241,0.3745339041568844,4,2,0,Synthetic
15887,975,16.294358974358975,3,1,1,Synthetic
3252,1785,1.8218487394957983,8,1,0,Synthetic
1121,4043,0.27726935443977246,6,0,0,Synthetic
13090,7073,1.8506998444790046,2,1,0,Synthetic
1095,7829,0.13986460595222888,7,0,0,Synthetic
8629,1078,8.004638218923933,5,1,1,Synthetic
6431,8771,0.7332117204423669,9,0,0,Synthetic
18546,264,70.25,9,2,1,Synthetic
2668,5663,0.4711283771852375,1,2,0,Synthetic
5358,5818,0.9209350292196631,1,2,0,Synthetic
12766,6092,2.0955351280367696,7,1,0,Synthetic
6284,3299,1.9048196423158532,7,0,0,Synthetic
13167,3304,3.985169491525424,7,2,0,Synthetic
11937,9196,1.2980643758155719,3,1,0,Synthetic
9862,5256,1.876331811263318,3,0,0,Synthetic
8210,4040,2.032178217821782,5,1,0,Synthetic
602,7110,0.08466947960618847,7,2,0,Synthetic
306,5334,0.05736782902137233,3,2,0,Synthetic
17347,2990,5.8016722408026755,1,0,1,Synthetic
12483,6219,2.007235890014472,5,2,0,Synthetic
6474,7092,0.9128595600676819,4,0,0,Synthetic
16298,3357,4.8549299970211495,2,1,1,Synthetic
9889,2893,3.418250950570342,4,1,0,Synthetic
10273,5650,1.8182300884955753,7,0,0,Synthetic
11594,7592,1.5271338250790305,1,0,0,Synthetic
1406,6976,0.20154816513761467,4,0,0,Synthetic
9574,7726,1.2391923375614806,6,2,0,Synthetic
3848,863,4.458864426419467,6,0,1,Synthetic
18337,6785,2.702579218865144,4,1,0,Synthetic
11749,7754,1.5152179520247615,1,0,0,Synthetic
17182,4937,3.480251164674904,6,2,0,Synthetic
5955,7592,0.7843782929399368,1,2,0,Synthetic
14049,5449,2.5782712424298038,5,1,0,Synthetic
5891,5735,1.0272013949433305,7,2,0,Synthetic
302,4418,0.06835672249886826,1,2,0,Synthetic
4489,2527,1.776414721013059,5,1,0,Synthetic
297,7325,0.040546075085324235,1,0,0,Synthetic
9439,4482,2.105979473449353,6,0,0,Synthetic
17143,3011,5.693457323148456,4,2,1,Synthetic
2086,8538,0.24431951276645583,4,2,0,Synthetic
18327,8880,2.0638513513513512,1,2,0,Synthetic
2485,4936,0.5034440842787682,9,0,0,Synthetic
14357,5734,2.5038367631670737,3,2,0,Synthetic
14175,6487,2.1851395097888084,9,0,0,Synthetic
2149,5623,0.3821803307842789,5,0,0,Synthetic
7258,7600,0.955,3,2,0,Synthetic
15251,2455,6.212219959266802,3,1,1,Synthetic
12283,1848,6.646645021645021,8,1,1,Synthetic
15686,2757,5.689517591585056,9,2,1,Synthetic
2300,3161,0.7276178424549193,2,1,0,Synthetic
2969,1156,2.5683391003460208,9,0,0,Synthetic
5799,7144,0.8117301231802911,5,2,0,Synthetic
1318,4696,0.280664395229983,1,2,0,Synthetic
8150,3646,2.235326385079539,6,1,0,Synthetic
18177,3636,4.999174917491749,3,1,1,Synthetic
5995,3554,1.6868317388857625,2,0,0,Synthetic
7122,9351,0.7616297722168752,1,0,0,Synthetic
8096,9207,0.8793309438470729,3,2,0,Synthetic
11412,7879,1.4484071582688158,1,1,0,Synthetic
10816,1269,8.523246650906225,5,1,1,Synthetic
14534,1260,11.534920634920635,8,0,1,Synthetic
401,806,0.4975186104218362,3,0,0,Synthetic
290,1180,0.2457627118644068,7,0,0,Synthetic
19811,3594,5.512242626599889,2,0,1,Synthetic
669,5642,0.11857497341368309,8,1,0,Synthetic
3963,7655,0.5177008491182233,6,2,0,Synthetic
3109,8006,0.3883337496877342,2,1,0,Synthetic
884,8296,0.10655737704918032,9,2,0,Synthetic
12633,7543,1.674797825798754,7,0,0,Synthetic
5901,3006,1.9630738522954092,3,1,0,Synthetic
10747,8916,1.2053611484970839,7,0,0,Synthetic
12423,4980,2.494578313253012,4,0,0,Synthetic
12139,6855,1.7708242159008023,3,2,0,Synthetic
13503,6119,2.206733126327831,7,2,0,Synthetic
953,4346,0.21928209848136218,9,1,0,Synthetic
17058,1348,12.654302670623146,6,1,1,Synthetic
10007,4977,2.0106489853325296,6,2,0,Synthetic
15438,2691,5.736900780379041,5,0,1,Synthetic
14699,3324,4.422081829121541,5,2,0,Synthetic
976,9383,0.10401790472130448,4,1,0,Synthetic
4242,7166,0.5919620429807424,8,0,0,Synthetic
4565,835,5.467065868263473,3,0,1,Synthetic
8411,1030,8.166019417475729,3,1,1,Synthetic
14362,9761,1.47136563876652,5,1,0,Synthetic
8408,6149,1.3673768092372744,7,2,0,Synthetic
2031,9404,0.2159719268396427,1,1,0,Synthetic
16996,8005,2.1231730168644596,6,0,0,Synthetic
12875,7604,1.6931877958968964,5,0,0,Synthetic
3443,4270,0.8063231850117096,5,1,0,Synthetic
8230,3347,2.4589184344188824,3,0,0,Synthetic
7353,2944,2.497622282608696,5,2,0,Synthetic
13396,2341,5.722340879965826,4,0,1,Synthetic
11251,6817,1.6504327416752238,5,2,0,Synthetic
4552,6081,0.7485610919256701,6,0,0,Synthetic
2949,7590,0.3885375494071146,3,1,0,Synthetic
9923,9407,1.0548527692144147,5,0,0,Synthetic
4711,3039,1.550180980585719,7,1,0,Synthetic
16447,9287,1.7709701733606116,4,1,0,Synthetic
12038,2627,4.582413399314808,1,0,1,Synthetic
5152,2938,1.75357385976855,5,2,0,Synthetic
5636,4113,1.3702893265256504,2,0,0,Synthetic
2182,9167,0.23802770808334242,2,2,0,Synthetic
8908,4174,2.1341638715860087,4,1,0,Synthetic
5845,9908,0.5899273314493338,8,0,0,Synthetic
11757,6188,1.899967679379444,9,2,0,Synthetic
16148,1322,12.21482602118003,4,1,1,Synthetic
5204,2343,2.22108408023901,8,2,0,Synthetic
7457,3640,2.0486263736263735,7,0,0,Synthetic
10618,3114,3.409762363519589,9,1,0,Synthetic
13684,8987,1.522643818849449,9,1,0,Synthetic
798,7386,0.10804224207961008,1,0,0,Synthetic
7500,8282,0.9055783627143202,9,2,0,Synthetic
17201,2982,5.7682763246143525,4,2,1,Synthetic
5586,8535,0.654481546572935,5,0,0,Synthetic
4591,7392,0.6210768398268398,4,2,0,Synthetic
7751,3836,2.020594369134515,7,0,0,Synthetic
1162,2356,0.4932088285229202,5,1,0,Synthetic
11274,6741,1.6724521584334668,5,2,0,Synthetic
5434,9124,0.595572117492328,2,2,0,Synthetic
6831,7441,0.9180217712673028,1,0,0,Synthetic
11593,1742,6.654994259471872,8,1,1,Synthetic
19165,9609,1.9944843376001664,5,0,0,Synthetic
13907,9780,1.4219836400817996,1,1,0,Synthetic
8791,8902,0.9875308919343968,7,0,0,Synthetic
1424,9547,0.14915680318424637,4,1,0,Synthetic
19970,2010,9.935323383084578,6,2,1,Synthetic
15585,4468,3.4881378692927485,2,1,1,Synthetic
13216,9286,1.4232177471462417,9,2,0,Synthetic
19556,6730,2.9057949479940564,9,2,0,Synthetic
1631,7776,0.20974794238683128,8,0,0,Synthetic
5129,333,15.402402402402402,5,1,1,Synthetic
11103,5548,2.0012617159336696,4,2,0,Synthetic
13943,6390,2.182003129890454,9,0,0,Synthetic
5745,3686,1.5586001085187196,1,0,0,Synthetic
11929,8253,1.4454137889252394,3,2,0,Synthetic
7214,1553,4.645202833226014,8,1,0,Synthetic
767,4668,0.1643101970865467,8,1,0,Synthetic
13759,7019,1.9602507479697964,8,1,0,Synthetic
7583,739,10.261163734776725,5,0,1,Synthetic
4935,3975,1.241509433962264,6,2,0,Synthetic
7412,5520,1.3427536231884059,1,0,0,Synthetic
2879,1124,2.561387900355872,3,0,0,Synthetic
12777,5913,2.160832064941654,3,0,0,Synthetic
18322,209,87.66507177033493,8,1,1,Synthetic
5224,1215,4.299588477366255,1,1,1,Synthetic
2293,8615,0.2661636680208938,1,2,0,Synthetic
4258,4125,1.0322424242424242,1,0,0,Synthetic
18117,7466,2.426600589338334,1,0,0,Synthetic
8275,2200,3.7613636363636362,5,2,0,Synthetic
9960,6189,1.6093068347067379,3,0,0,Synthetic
3736,5009,0.7458574565781593,3,0,0,Synthetic
15544,7445,2.087844190732035,9,1,0,Synthetic
2148,4980,0.43132530120481927,4,1,0,Synthetic
4644,5176,0.8972179289026275,8,1,0,Synthetic
3519,7439,0.47304745261459874,7,1,0,Synthetic
16733,9065,1.8458907887479317,6,1,0,Synthetic
17254,4563,3.7812842428227045,1,1,1,Synthetic
8527,8780,0.9711845102505695,9,0,0,Synthetic
19298,3574,5.399552322327924,7,2,1,Synthetic
1352,7196,0.18788215675375208,2,2,0,Synthetic
15881,7081,2.242762321705974,6,1,0,Synthetic
8117,7141,1.1366755356392662,3,2,0,Synthetic
10309,1531,6.733507511430438,9,1,1,Synthetic
9650,5315,1.8156161806208844,7,1,0,Synthetic
10420,2380,4.378151260504202,4,1,0,Synthetic
19956,5649,3.5326606479022837,1,0,1,Synthetic
8041,5769,1.3938290864967933,3,2,0,Synthetic
17244,8030,2.1474470734744706,7,2,0,Synthetic
6190,6231,0.9934199967902423,8,0,0,Synthetic
18371,3466,5.300346220427005,2,0,1,Synthetic
11414,7770,1.468983268983269,5,0,0,Synthetic
12991,4977,2.610206951979104,6,0,0,Synthetic
7081,6576,1.076794403892944,2,0,0,Synthetic
14224,7440,1.9118279569892473,9,2,0,Synthetic
5340,6693,0.7978484984311968,1,1,0,Synthetic
13668,1476,9.260162601626016,4,2,1,Synthetic
402,838,0.4797136038186158,8,1,0,Synthetic
8817,8350,1.055928143712575,8,1,0,Synthetic
16848,7009,2.4037665858182335,8,2,0,Synthetic
5226,5322,0.9819616685456595,7,1,0,Synthetic
5970,1731,3.448873483535529,2,1,1,Synthetic
6982,2106,3.315289648622982,9,2,0,Synthetic
12872,9105,1.413728720483251,7,0,0,Synthetic
17780,6429,2.7655934048841186,9,0,0,Synthetic
3696,6368,0.5804020100502513,4,1,0,Synthetic
8358,432,19.34722222222222,2,2,1,Synthetic
6471,4406,1.4686790739900135,6,1,0,Synthetic
13010,8143,1.5976912685742355,8,0,0,Synthetic
6838,2672,2.559131736526946,5,1,0,Synthetic
19223,5601,3.4320657025531154,2,2,1,Synthetic
10267,1076,9.54182156133829,6,0,1,Synthetic
17944,1933,9.282979824107604,6,2,1,Synthetic
6867,7186,0.9556081269134428,8,2,0,Synthetic
13146,8634,1.522585128561501,8,0,0,Synthetic
10887,9311,1.1692621630329718,6,1,0,Synthetic
8759,8395,1.0433591423466348,6,1,0,Synthetic
14017,2751,5.095238095238095,6,2,1,Synthetic
5660,4489,1.2608598797059478,8,1,0,Synthetic
13846,6516,2.1249232658072437,5,1,0,Synthetic
9433,9115,1.034887547997806,1,0,0,Synthetic
6383,2248,2.8394128113879002,6,0,0,Synthetic
2017,4434,0.45489400090211995,4,0,0,Synthetic
18510,3944,4.693204868154158,6,1,0,Synthetic
109,460,0.23695652173913043,7,1,0,Synthetic
2319,7241,0.3202596326474244,8,1,0,Synthetic
1719,8712,0.19731404958677687,5,0,0,Synthetic
19316,3024,6.387566137566138,8,1,1,Synthetic
3590,9510,0.3774973711882229,1,0,0,Synthetic
12319,435,28.319540229885057,2,1,1,Synthetic
2008,8767,0.22904072088513744,9,1,0,Synthetic
19119,8362,2.2864147333173883,3,0,0,Synthetic
5515,3591,1.5357839042049568,6,0,0,Synthetic
8107,9264,0.875107944732297,5,1,0,Synthetic
15624,3098,5.043253712072305,4,0,1,Synthetic
14160,1265,11.193675889328063,9,1,1,Synthetic
10635,9710,1.0952626158599381,8,1,0,Synthetic
7043,8004,0.8799350324837582,6,0,0,Synthetic
4770,2390,1.99581589958159,1,0,0,Synthetic
2292,1448,1.5828729281767955,7,1,0,Synthetic
18481,3887,4.754566503730383,8,2,0,Synthetic
11402,2170,5.2543778801843315,6,1,1,Synthetic
17686,8335,2.121895620875825,4,2,0,Synthetic
5888,5608,1.0499286733238231,4,1,0,Synthetic
9546,1122,8.508021390374331,4,0,1,Synthetic
10889,1320,8.249242424242425,5,2,1,Synthetic
17434,2536,6.874605678233438,4,1,1,Synthetic
4712,2065,2.2818401937046007,1,1,0,Synthetic
6471,6559,0.9865833206281446,4,2,0,Synthetic
3328,3919,0.8491962235264098,5,0,0,Synthetic
14482,2571,5.632827693504473,2,2,1,Synthetic
16578,2874,5.768267223382046,3,1,1,Synthetic
2216,5979,0.37063054022411773,8,1,0,Synthetic
11497,6366,1.8060006283380459,8,1,0,Synthetic
11573,1184,9.774493243243244,1,2,1,Synthetic
927,3731,0.24845885821495578,4,0,0,Synthetic
6059,326,18.585889570552148,1,2,1,Synthetic
11741,6224,1.8864074550128536,6,2,0,Synthetic
7296,3568,2.0448430493273544,6,2,0,Synthetic
13818,1992,6.936746987951807,5,0,1,Synthetic
3517,1845,1.9062330623306234,4,1,0,Synthetic
19514,3072,6.352213541666667,1,2,1,Synthetic
4762,6714,0.7092642240095324,8,2,0,Synthetic
2808,7312,0.38402625820568925,5,0,0,Synthetic
19991,6656,3.0034555288461537,5,1,0,Synthetic
13324,8170,1.630844553243574,4,0,0,Synthetic
1725,8173,0.21106080998409396,2,2,0,Synthetic
8766,8809,0.9951186286752185,1,2,0,Synthetic
9246,5171,1.788048733320441,3,1,0,Synthetic
13051,2190,5.959360730593607,4,1,1,Synthetic
13572,6520,2.08159509202454,6,1,0,Synthetic
10495,5788,1.8132342778161714,1,2,0,Synthetic
5044,3632,1.3887665198237886,1,1,0,Synthetic
10016,6904,1.4507531865585168,7,0,0,Synthetic
1859,9381,0.19816650676900116,7,2,0,Synthetic
1051,9114,0.1153170945797674,1,0,0,Synthetic
9792,8677,1.1285006338596288,8,2,0,Synthetic
18549,968,19.162190082644628,3,2,1,Synthetic
6745,5283,1.2767367026310807,1,1,0,Synthetic
11585,5997,1.9317992329498082,3,2,0,Synthetic
19819,8238,2.405802379218257,3,1,0,Synthetic
1581,6505,0.24304381245196002,1,2,0,Synthetic
16538,7843,2.1086319010582684,2,2,0,Synthetic
15808,1032,15.317829457364342,9,2,1,Synthetic
14395,8719,1.650992086248423,6,0,0,Synthetic
19794,3500,5.655428571428572,3,2,1,Synthetic
3154,8170,0.386046511627907,8,1,0,Synthetic
9603,2738,3.5073046018991967,4,0,0,Synthetic
15170,1022,14.84344422700587,2,2,1,Synthetic
4525,9166,0.493672267073969,1,2,0,Synthetic
3552,9306,0.38168923275306255,4,0,0,Synthetic
8805,7052,1.2485819625638117,4,2,0,Synthetic
4941,1609,3.0708514605344934,3,2,1,Synthetic
11482,4691,2.4476657429119593,4,0,0,Synthetic
904,1479,0.6112237998647735,9,1,0,Synthetic
7183,6186,1.161170384739735,4,1,0,Synthetic
11193,1587,7.052930056710775,8,0,1,Synthetic
15617,2879,5.424452935046891,7,0,1,Synthetic
3286,2773,1.1849981968986658,9,1,0,Synthetic
8528,1504,5.670212765957447,7,0,1,Synthetic
17785,2741,6.4885078438526085,4,1,1,Synthetic
8733,9196,0.9496520226185298,6,1,0,Synthetic
5575,8432,0.6611717267552182,6,1,0,Synthetic
7284,5996,1.2148098732488326,9,1,0,Synthetic
12975,1822,7.121295279912184,5,1,1,Synthetic
16825,2274,7.398856640281442,9,2,1,Synthetic
17129,4463,3.8380013443871834,2,0,1,Synthetic
15256,8846,1.7246212977617001,1,1,0,Synthetic
3128,7843,0.39882697947214074,2,1,0,Synthetic
17870,3066,5.828440965427267,5,2,1,Synthetic
13181,4324,3.048334875115634,5,2,0,Synthetic
6919,9528,0.7261754827875735,7,2,0,Synthetic
17817,4350,4.095862068965517,8,1,0,Synthetic
7815,9142,0.8548457667906366,4,2,0,Synthetic
1862,7301,0.2550335570469799,2,0,0,Synthetic
253,7817,0.03236535755404887,5,0,0,Synthetic
15148,2543,5.95674400314589,1,0,1,Synthetic
1340,260,5.153846153846154,8,1,1,Synthetic
12412,8170,1.51921664626683,3,1,0,Synthetic
1352,4403,0.3070633658868953,3,1,0,Synthetic
18806,4290,4.383682983682983,1,0,1,Synthetic
16813,3840,4.378385416666666,7,0,1,Synthetic
1441,8607,0.16742186592308586,3,2,0,Synthetic
19192,1950,9.842051282051282,5,1,1,Synthetic
7219,9101,0.793209537413471,8,0,0,Synthetic
12018,4193,2.8662055807297877,9,0,0,Synthetic
13949,8438,1.6531168523346764,7,0,0,Synthetic
12282,6113,2.0091608048421397,5,1,0,Synthetic
16874,4630,3.6444924406047514,5,2,0,Synthetic
4332,8207,0.5278420860241257,2,2,0,Synthetic
1600,6937,0.23064725385613377,4,2,0,Synthetic
19526,4697,4.157121566957633,7,0,1,Synthetic
9474,3423,2.7677475898334793,3,0,0,Synthetic
13509,330,40.93636363636364,5,2,1,Synthetic
3083,4478,0.6884769986601161,7,2,0,Synthetic
6740,5668,1.1891319689484827,6,0,0,Synthetic
7664,8884,0.8626744709590275,2,2,0,Synthetic
19725,745,26.476510067114095,7,0,1,Synthetic
15875,4010,3.958852867830424,7,1,0,Synthetic
16471,2232,7.379480286738351,5,0,1,Synthetic
371,3711,0.09997305308542172,9,1,0,Synthetic
7169,1120,6.400892857142857,7,0,1,Synthetic
10916,3960,2.7565656565656567,3,0,0,Synthetic
1265,8767,0.14429109159347553,2,1,0,Synthetic
14369,4588,3.1318657367044462,9,0,0,Synthetic
14386,2832,5.079802259887006,1,0,1,Synthetic
9255,2028,4.563609467455621,5,2,0,Synthetic
4905,1006,4.8757455268389664,8,2,0,Synthetic
8302,2068,4.0145067698259185,2,0,1,Synthetic
14999,5890,2.5465195246179966,8,0,0,Synthetic
16034,5629,2.848463314976017,5,2,0,Synthetic
3664,1589,2.3058527375707993,2,0,0,Synthetic
18749,1136,16.504401408450704,1,1,1,Synthetic
14299,4045,3.534981458590853,5,0,0,Synthetic
8345,7414,1.1255732398165632,7,0,0,Synthetic
13932,2113,6.593469001419782,1,0,1,Synthetic
10206,7857,1.2989690721649485,3,1,0,Synthetic
14651,8394,1.745413390517036,3,1,0,Synthetic
7387,1092,6.764652014652015,9,0,1,Synthetic
4775,2133,2.2386310360993904,5,1,0,Synthetic
17774,1840,9.659782608695652,8,2,1,Synthetic
10974,9379,1.1700607740697302,9,2,0,Synthetic
5116,7081,0.7224968224827002,9,2,0,Synthetic
9852,9810,1.0042813455657493,2,2,0,Synthetic
4233,5570,0.7599640933572711,5,1,0,Synthetic
9205,8428,1.0921926910299002,5,0,0,Synthetic
12980,5433,2.3891036259893244,8,0,0,Synthetic
14659,517,28.35396518375242,3,1,1,Synthetic
1691,6383,0.26492245025849914,1,1,0,Synthetic
7414,2583,2.870305845915602,8,0,0,Synthetic
18188,7124,2.553060078607524,9,0,0,Synthetic
13581,4486,3.0274186357556845,6,2,0,Synthetic
16206,756,21.436507936507937,9,2,1,Synthetic
14970,7761,1.928875144955547,5,1,0,Synthetic
9866,4198,2.350166746069557,2,1,0,Synthetic
16177,8980,1.8014476614699333,7,1,0,Synthetic
9982,1336,7.471556886227545,9,0,1,Synthetic
7109,4743,1.4988403963736032,8,0,0,Synthetic
1107,5645,0.19610274579273693,3,1,0,Synthetic
11818,5552,2.1286023054755043,2,2,0,Synthetic
1535,771,1.9909208819714657,5,0,0,Synthetic
16761,7259,2.308995729439317,4,1,0,Synthetic
7591,1240,6.121774193548387,6,0,1,Synthetic
8173,9277,0.8809960116416945,1,1,0,Synthetic
11483,6553,1.7523271783915764,2,1,0,Synthetic
4899,886,5.529345372460496,4,2,1,Synthetic
2528,5326,0.4746526473901615,1,1,0,Synthetic
14514,9845,1.4742508887760284,2,0,0,Synthetic
14388,7466,1.9271363514599518,9,2,0,Synthetic
3442,9278,0.370985126104764,4,1,0,Synthetic
14098,3355,4.202086438152012,6,2,0,Synthetic
19380,1188,16.31313131313131,5,2,1,Synthetic
16435,4379,3.7531399862982417,6,2,0,Synthetic
5726,7624,0.7510493179433368,6,2,0,Synthetic
11525,2180,5.286697247706422,3,0,1,Synthetic
9084,991,9.166498486377396,2,2,1,Synthetic
18739,3810,4.918372703412073,8,1,0,Synthetic
17468,5976,2.9230254350736278,5,2,0,Synthetic
17534,3833,4.574484737803287,4,2,0,Synthetic
17443,6259,2.7868669116472278,5,1,0,Synthetic
19430,7925,2.451735015772871,9,1,0,Synthetic
11636,2075,5.607710843373494,4,0,1,Synthetic
5897,9408,0.6268069727891157,6,1,0,Synthetic
16600,2633,6.3045955184200535,8,2,1,Synthetic
4267,8665,0.4924408540103866,2,1,0,Synthetic
8457,9959,0.8491816447434481,9,0,0,Synthetic
18527,4397,4.213554696383898,9,2,0,Synthetic
313,3962,0.0790005047955578,8,0,0,Synthetic
10740,6931,1.549559948059443,9,1,0,Synthetic
5891,8983,0.6557942780808194,6,1,0,Synthetic
16119,2920,5.520205479452055,8,1,1,Synthetic
16485,6568,2.5098964677222897,1,0,0,Synthetic
12336,2149,5.7403443462075385,1,0,1,Synthetic
14551,8033,1.8114029627785386,6,2,0,Synthetic
10533,7214,1.4600776268367064,2,2,0,Synthetic
3141,305,10.298360655737705,7,0,1,Synthetic
18379,6290,2.921939586645469,3,2,0,Synthetic
2025,2256,0.8976063829787234,6,0,0,Synthetic
652,9107,0.07159327989458658,8,1,0,Synthetic
3489,9499,0.3673018212443415,7,2,0,Synthetic
13495,407,33.157248157248155,4,1,1,Synthetic
16505,8801,1.8753550732871265,3,2,0,Synthetic
4209,7379,0.5704024935628134,7,0,0,Synthetic
1660,1466,1.1323328785811733,3,2,0,Synthetic
19911,4980,3.9981927710843372,8,0,0,Synthetic
11994,2556,4.692488262910798,7,2,0,Synthetic
10281,7257,1.416701116163704,3,1,0,Synthetic
4744,8703,0.5450993910145927,9,2,0,Synthetic
16102,9146,1.760551060572928,3,0,0,Synthetic
6336,6278,1.0092386110226186,1,2,0,Synthetic
7105,358,19.8463687150838,8,0,1,Synthetic
12903,9779,1.3194600674915635,4,1,0,Synthetic
18196,4903,3.711197226188048,9,1,0,Synthetic
12103,9833,1.23085528322994,4,1,0,Synthetic
12682,1594,7.956085319949811,6,0,1,Synthetic
15696,729,21.530864197530864,8,0,1,Synthetic
19442,8104,2.399062191510365,3,1,0,Synthetic
12865,9331,1.3787375415282392,2,2,0,Synthetic
12297,4848,2.536509900990099,6,0,0,Synthetic
1746,213,8.19718309859155,8,2,1,Synthetic
14396,3355,4.290909090909091,2,2,1,Synthetic
13225,3416,3.871487119437939,9,0,0,Synthetic
2213,9644,0.22946909995852344,5,2,0,Synthetic
13860,5743,2.4133728016716,8,0,0,Synthetic
3474,6630,0.5239819004524887,3,1,0,Synthetic
16753,5924,2.8279878460499663,9,0,0,Synthetic
6376,6095,1.0461033634126333,1,0,0,Synthetic
17059,7229,2.359800802323973,4,0,0,Synthetic
3278,6252,0.5243122200895713,5,0,0,Synthetic
3668,9971,0.3678668137599037,8,2,0,Synthetic
1842,2125,0.8668235294117647,4,1,0,Synthetic
16101,1168,13.785102739726028,5,1,1,Synthetic
15460,6462,2.3924481584648714,3,1,0,Synthetic
10824,5378,2.0126441056154705,5,0,0,Synthetic
9300,1429,6.508047585724283,4,0,1,Synthetic
2389,1439,1.660180681028492,2,0,0,Synthetic
15498,5542,2.7964633706243234,8,2,0,Synthetic
6670,3449,1.9338938822847203,7,1,0,Synthetic
12215,6494,1.8809670465044657,4,1,0,Synthetic
11085,1091,10.160403299725022,7,1,1,Synthetic
9656,8520,1.1333333333333333,7,0,0,Synthetic
7619,4812,1.5833333333333333,6,2,0,Synthetic
15652,5438,2.8782640676719384,2,1,0,Synthetic
15604,7905,1.9739405439595192,8,2,0,Synthetic
12244,1186,10.323777403035413,8,0,1,Synthetic
3172,3324,0.9542719614921781,5,0,0,Synthetic
11965,8325,1.4372372372372373,2,1,0,Synthetic
17187,8333,2.062522500900036,9,0,0,Synthetic
7948,5408,1.4696745562130178,9,0,0,Synthetic
19714,688,28.65406976744186,4,1,1,Synthetic
15840,3373,4.696116217017492,4,1,0,Synthetic
4214,3753,1.1228350652811085,2,0,0,Synthetic
1100,9242,0.11902185674096516,1,1,0,Synthetic
9113,654,13.934250764525993,9,0,1,Synthetic
3826,7432,0.5148008611410119,7,2,0,Synthetic
9208,3075,2.9944715447154473,9,0,0,Synthetic
12692,9127,1.3905993206968337,1,2,0,Synthetic
14537,7210,2.01622746185853,8,1,0,Synthetic
3089,9418,0.3279889573157783,5,1,0,Synthetic
6571,3063,2.145282402873,2,1,0,Synthetic
1277,4960,0.2574596774193548,5,1,0,Synthetic
11656,8434,1.3820251363528575,7,1,0,Synthetic
16273,6770,2.403692762186115,5,2,0,Synthetic
9306,4631,2.009501187648456,5,2,0,Synthetic
9006,4346,2.072250345144961,4,0,0,Synthetic
16624,5082,3.2711530893349074,2,1,1,Synthetic
6112,1163,5.255374032674118,5,1,1,Synthetic
3710,7094,0.5229771638003947,3,1,0,Synthetic
9973,6987,1.4273651066265922,9,1,0,Synthetic
1386,7252,0.19111969111969113,7,2,0,Synthetic
18843,8305,2.2688741721854306,8,1,0,Synthetic
1898,9800,0.1936734693877551,8,0,0,Synthetic
13773,6484,2.1241517581739666,7,1,0,Synthetic
1400,7069,0.19804781440090535,9,1,0,Synthetic
4716,209,22.564593301435405,8,1,1,Synthetic
5852,6495,0.9010007698229408,1,1,0,Synthetic
1416,5899,0.240040684861841,2,2,0,Synthetic
3783,7427,0.5093577487545442,7,1,0,Synthetic
245,5210,0.04702495201535509,4,1,0,Synthetic
3140,9854,0.31865232392936876,2,0,0,Synthetic
16966,3379,5.021012133767387,2,0,1,Synthetic
17114,9053,1.8904230641776207,5,2,0,Synthetic
1087,7822,0.13896701610841217,9,1,0,Synthetic
17584,6852,2.5662580268534736,9,1,0,Synthetic
869,1543,0.5631885936487362,3,2,0,Synthetic
11643,2549,4.567673597489211,3,1,1,Synthetic
1225,9582,0.12784387393028596,4,0,0,Synthetic
12740,8043,1.5839860748476937,3,0,0,Synthetic
10206,5389,1.8938578586008536,9,2,0,Synthetic
17191,2004,8.578343313373253,1,1,1,Synthetic
5151,2675,1.925607476635514,5,1,0,Synthetic
1835,9977,0.18392302295279142,3,1,0,Synthetic
8079,2628,3.074200913242009,3,1,1,Synthetic
5349,5491,0.974139501001639,2,1,0,Synthetic
9786,4411,2.218544547721605,8,1,0,Synthetic
12175,3574,3.406547285954113,9,2,0,Synthetic
307,2865,0.10715532286212914,9,2,0,Synthetic
3183,3919,0.8121969890278132,4,2,0,Synthetic
1779,436,4.080275229357798,7,2,0,Synthetic
15563,9932,1.5669552960128876,4,0,0,Synthetic
16769,348,48.1867816091954,4,1,1,Synthetic
4995,5480,0.9114963503649635,5,1,0,Synthetic
9815,2985,3.288107202680067,4,0,0,Synthetic
5882,6457,0.9109493572866656,2,0,0,Synthetic
16824,3017,5.576400397746105,9,0,1,Synthetic
18980,6162,3.080168776371308,3,1,1,Synthetic
18173,3467,5.241707528122296,2,2,1,Synthetic
17926,8797,2.0377401386836422,6,0,0,Synthetic
4207,760,5.535526315789474,6,1,1,Synthetic
1926,7829,0.24600843019542726,6,2,0,Synthetic
7793,8464,0.9207230623818525,5,2,0,Synthetic
6821,7202,0.9470980283254652,2,2,0,Synthetic
7473,6107,1.2236777468478794,2,1,0,Synthetic
5756,9184,0.6267421602787456,6,0,0,Synthetic
8386,6101,1.3745287657761023,1,1,0,Synthetic
5017,8629,0.5814115192953992,4,2,0,Synthetic
2630,2160,1.2175925925925926,6,0,0,Synthetic
5872,2729,2.151703920850128,8,0,0,Synthetic
7237,1163,6.222699914015477,9,2,1,Synthetic
13991,7540,1.8555702917771884,4,1,0,Synthetic
19520,6147,3.1755327802179925,6,0,0,Synthetic
12430,4549,2.7324686744339415,2,2,0,Synthetic
6710,6630,1.0120663650075414,3,0,0,Synthetic
10245,6688,1.531848086124402,2,1,0,Synthetic
3950,889,4.443194600674915,8,2,0,Synthetic
5178,5648,0.9167847025495751,3,2,0,Synthetic
8900,1838,4.842219804134929,8,0,1,Synthetic
10440,1582,6.599241466498103,4,0,1,Synthetic
9111,619,14.718901453957997,6,2,1,Synthetic
15522,9900,1.5678787878787879,4,2,0,Synthetic
5793,967,5.990692864529473,3,2,1,Synthetic
1649,6340,0.26009463722397475,6,0,0,Synthetic
4581,8098,0.5656952333909607,5,1,0,Synthetic
4937,7958,0.6203820055290274,5,1,0,Synthetic
8093,6207,1.3038504913806992,7,0,0,Synthetic
14928,7580,1.9693931398416886,5,1,0,Synthetic
14408,4468,3.224709042076992,4,0,0,Synthetic
11334,4792,2.3651919866444073,5,2,0,Synthetic
10849,6027,1.8000663680106188,2,1,0,Synthetic
7494,9851,0.7607349507664196,6,1,0,Synthetic
10736,2872,3.7381615598885793,9,0,0,Synthetic
3291,592,5.559121621621622,9,0,1,Synthetic
17055,3831,4.451840250587314,1,1,1,Synthetic
18763,9180,2.0438997821350764,7,1,0,Synthetic
17259,7069,2.4415051633894467,8,0,0,Synthetic
16562,8280,2.00024154589372,7,0,0,Synthetic
15016,7283,2.0617877248386653,1,2,0,Synthetic
9323,5140,1.8138132295719844,8,0,0,Synthetic
3556,7988,0.44516775162744116,3,2,0,Synthetic
2811,1868,1.5048179871520342,4,0,0,Synthetic
12189,565,21.573451327433627,4,2,1,Synthetic
4631,5530,0.8374321880650994,7,2,0,Synthetic
9064,6693,1.354250709696698,6,1,0,Synthetic
9865,6711,1.4699746684547756,1,2,0,Synthetic
2476,3209,0.7715799314428171,2,2,0,Synthetic
11924,2027,5.882585101134682,4,1,1,Synthetic
9932,8769,1.1326262971832592,7,1,0,Synthetic
7010,8761,0.8001369706654492,5,2,0,Synthetic
17253,980,17.605102040816327,5,2,1,Synthetic
4083,9703,0.42079769143563844,2,2,0,Synthetic
17005,9327,1.8232014581323042,2,2,0,Synthetic
12332,5984,2.060828877005348,8,2,0,Synthetic
16477,7328,2.248498908296943,2,1,0,Synthetic
12375,2661,4.650507328072154,4,0,1,Synthetic
11535,885,13.033898305084746,1,0,1,Synthetic
12358,9959,1.240887639321217,7,2,0,Synthetic
10836,5075,2.1351724137931036,9,2,0,Synthetic
2296,7365,0.31174473862864904,5,1,0,Synthetic
14315,501,28.572854291417165,8,1,1,Synthetic
17130,8989,1.9056624763599956,6,2,0,Synthetic
10873,7203,1.5095099264195475,2,1,0,Synthetic
12600,4758,2.648171500630517,4,2,0,Synthetic
16021,9878,1.6218870216643044,3,2,0,Synthetic
10617,3954,2.6851289833080423,5,0,0,Synthetic
1476,8906,0.16573096788681788,6,2,0,Synthetic
16506,2660,6.205263157894737,7,2,1,Synthetic
9596,7495,1.2803202134756504,5,2,0,Synthetic
8653,7553,1.1456374950350854,8,0,0,Synthetic
16998,648,26.23148148148148,4,2,1,Synthetic
10147,8233,1.232479047734726,9,1,0,Synthetic
1528,4167,0.36669066474682027,7,2,0,Synthetic
11429,2359,4.844849512505299,9,1,0,Synthetic
10573,2849,3.711126711126711,6,0,0,Synthetic
17521,3689,4.749525616698293,5,0,1,Synthetic
15479,2834,5.461891319689485,3,2,1,Synthetic
5210,5389,0.9667841900167007,8,2,0,Synthetic
17608,897,19.629877369007804,4,2,1,Synthetic
9696,5451,1.778756191524491,4,1,0,Synthetic
14971,1213,12.342126957955482,3,1,1,Synthetic
1928,8109,0.23776051301023554,5,1,0,Synthetic
2123,5166,0.41095625241966705,5,1,0,Synthetic
5991,1280,4.68046875,4,0,1,Synthetic
10922,2763,3.952949692363373,3,0,1,Synthetic
6743,4159,1.6213031978841068,8,1,0,Synthetic
16129,793,20.33921815889029,3,2,1,Synthetic
11254,3590,3.1348189415041783,3,1,1,Synthetic
17147,9524,1.8003989920201595,6,0,0,Synthetic
11266,1067,10.558575445173384,3,0,1,Synthetic
5569,6456,0.8626084262701363,7,0,0,Synthetic
1269,1030,1.2320388349514564,4,0,0,Synthetic
19294,8867,2.175933235592647,9,1,0,Synthetic
10128,1483,6.8293998651382335,4,2,1,Synthetic
18494,8790,2.103981797497156,6,2,0,Synthetic
18609,2371,7.848587094053142,7,0,1,Synthetic
12989,3671,3.538272950149823,5,0,0,Synthetic
8429,2297,3.669569003047453,3,0,1,Synthetic
14030,6597,2.1267242686069427,6,0,0,Synthetic
2857,4120,0.6934466019417476,3,0,0,Synthetic
17933,8938,2.0063772656075183,3,0,0,Synthetic
8099,6252,1.2954254638515674,4,0,0,Synthetic
15533,9095,1.7078614623419461,5,1,0,Synthetic
19815,7662,2.586139389193422,2,2,0,Synthetic
2939,3584,0.8200334821428571,4,1,0,Synthetic
13593,885,15.359322033898305,9,2,1,Synthetic
1719,7068,0.2432088285229202,8,1,0,Synthetic
9657,9635,1.002283341982356,7,2,0,Synthetic
2074,3491,0.5940991120022916,8,1,0,Synthetic
2114,8096,0.26111660079051385,6,0,0,Synthetic
5447,2843,1.915933872669715,2,1,0,Synthetic
17358,5760,3.013541666666667,5,1,0,Synthetic
4100,9814,0.4177705318932138,2,2,0,Synthetic
1271,5791,0.21947850112243136,7,0,0,Synthetic
17933,2739,6.54728002920774,8,1,1,Synthetic
5532,4460,1.240358744394619,5,1,0,Synthetic
1853,8300,0.22325301204819278,8,0,0,Synthetic
18422,8762,2.102488016434604,9,0,0,Synthetic
10223,6788,1.506040070713023,9,0,0,Synthetic
7445,8075,0.9219814241486068,9,2,0,Synthetic
697,3262,0.2136725935009197,1,0,0,Synthetic
9979,772,12.926165803108809,2,1,1,Synthetic
18574,6766,2.745196571090748,6,0,0,Synthetic
1733,1717,1.0093185789167152,6,1,0,Synthetic
3748,1737,2.157743235463443,6,0,0,Synthetic
3237,7185,0.45052192066805846,2,2,0,Synthetic
13024,3950,3.297215189873418,6,2,0,Synthetic
4766,810,5.883950617283951,3,2,1,Synthetic
10900,5255,2.0742150333016176,7,0,0,Synthetic
12919,9569,1.350088828508726,4,1,0,Synthetic
13271,5974,2.2214596585202546,8,0,0,Synthetic
18233,981,18.586136595310908,9,1,1,Synthetic
7293,5176,1.4090030911901081,2,0,0,Synthetic
13665,4170,3.276978417266187,8,0,0,Synthetic
18061,9403,1.9207699670317984,3,1,0,Synthetic
15895,6944,2.2890264976958523,2,2,0,Synthetic
6952,2751,2.5270810614322063,8,0,0,Synthetic
10503,8876,1.1833032897701667,5,2,0,Synthetic
8178,6263,1.3057640108574167,8,1,0,Synthetic
14989,7171,2.0902245154092873,4,1,0,Synthetic
11631,3022,3.8487756452680344,3,0,1,Synthetic
358,482,0.7427385892116183,2,2,0,Synthetic
4235,6829,0.6201493630106897,1,0,0,Synthetic
712,887,0.8027057497181511,5,1,0,Synthetic
11305,6709,1.6850499329259203,6,2,0,Synthetic
2691,7383,0.3644859813084112,1,2,0,Synthetic
10202,5308,1.9220045214770158,5,1,0,Synthetic
1383,1123,1.2315227070347283,6,1,0,Synthetic
8538,3911,2.183073382766556,5,0,0,Synthetic
10692,4064,2.6309055118110236,4,1,0,Synthetic
326,464,0.7025862068965517,4,1,0,Synthetic
745,7744,0.09620351239669421,2,2,0,Synthetic
13775,2704,5.09430473372781,5,1,1,Synthetic
13369,9546,1.4004818772260632,5,1,0,Synthetic
18199,6650,2.7366917293233084,2,1,0,Synthetic
1198,7296,0.16419956140350878,7,1,0,Synthetic
6516,7180,0.9075208913649025,3,0,0,Synthetic
1189,4778,0.24884889074926747,8,2,0,Synthetic
2058,6544,0.3144865525672372,4,0,0,Synthetic
3930,9246,0.42504866969500327,3,1,0,Synthetic
14578,7558,1.9288171473934903,5,2,0,Synthetic
9628,1148,8.386759581881533,4,1,1,Synthetic
16943,7768,2.181127703398558,7,0,0,Synthetic
12230,1987,6.155007549068948,2,2,1,Synthetic
7518,6562,1.1456872904602255,7,2,0,Synthetic
17861,6901,2.588175626720765,6,1,0,Synthetic
2759,4796,0.5752710592160133,8,1,0,Synthetic
14070,5861,2.400614229653643,4,0,0,Synthetic
8572,623,13.759229534510434,8,1,1,Synthetic
4349,1950,2.2302564102564104,6,0,0,Synthetic
15382,3146,4.889383343928799,3,0,1,Synthetic
5175,7430,0.6965006729475101,9,2,0,Synthetic
14047,1731,8.114962449451184,3,2,1,Synthetic
4593,9535,0.48169900367068696,6,0,0,Synthetic
14240,2923,4.871707150188163,8,0,1,Synthetic
16769,464,36.140086206896555,1,0,1,Synthetic
14065,1962,7.168705402650357,9,2,1,Synthetic
140,6027,0.023228803716608595,4,1,0,Synthetic
16332,8004,2.04047976011994,6,0,0,Synthetic
19682,5574,3.531036957301758,7,0,0,Synthetic
9377,2679,3.500186636804778,3,2,1,Synthetic
1592,860,1.8511627906976744,5,0,0,Synthetic
10278,8051,1.2766116010433486,1,0,0,Synthetic
2144,7568,0.2832980972515856,9,2,0,Synthetic
9268,4777,1.9401297885702324,8,0,0,Synthetic
13419,7668,1.75,7,2,0,Synthetic
1547,6781,0.22813744285503612,9,2,0,Synthetic
16889,8186,2.0631566088443685,6,0,0,Synthetic
12566,2046,6.141739980449658,7,1,1,Synthetic
16400,8970,1.8283166109253066,6,1,0,Synthetic
2107,1385,1.5212996389891698,7,0,0,Synthetic
10084,9502,1.0612502631025047,6,1,0,Synthetic
2361,3936,0.5998475609756098,2,0,0,Synthetic
6816,5075,1.3430541871921182,6,1,0,Synthetic
4478,8015,0.5587024329382408,3,1,0,Synthetic
12828,3000,4.276,3,1,1,Synthetic
5510,1655,3.3293051359516617,4,0,0,Synthetic
6896,4996,1.3803042433947157,6,0,0,Synthetic
17809,5176,3.440687789799073,8,2,0,Synthetic
5087,4897,1.0387992648560342,7,0,0,Synthetic
3928,2168,1.811808118081181,6,1,0,Synthetic
18284,5663,3.2286773794808403,5,0,0,Synthetic
4748,1055,4.500473933649289,5,2,0,Synthetic
11934,382,31.240837696335078,9,2,1,Synthetic
4592,6023,0.7624107587580939,3,2,0,Synthetic
17840,3829,4.659179942543745,1,2,1,Synthetic
11695,6332,1.8469677826910929,1,0,0,Synthetic
1087,3521,0.30871911388809997,5,0,0,Synthetic
13246,8565,1.5465265615878576,7,1,0,Synthetic
3152,6774,0.46530853262474164,7,0,0,Synthetic
1975,7193,0.2745725010426804,2,1,0,Synthetic
5543,1189,4.6619007569386035,1,2,1,Synthetic
17077,1974,8.65096251266464,8,0,1,Synthetic
3908,531,7.3596986817325805,3,2,1,Synthetic
14476,6089,2.3774018722286088,9,1,0,Synthetic
18981,2042,9.295298726738492,2,2,1,Synthetic
11481,7744,1.4825671487603307,7,2,0,Synthetic
19639,1828,10.74343544857768,6,2,1,Synthetic
6131,6639,0.9234824521765326,2,0,0,Synthetic
18950,2482,7.634971796937953,1,2,1,Synthetic
2098,5676,0.36962649753347426,5,1,0,Synthetic
12436,9542,1.3032907147348565,9,2,0,Synthetic
17915,5824,3.0760645604395602,6,0,0,Synthetic
13849,1330,10.412781954887219,2,2,1,Synthetic
3600,8766,0.4106776180698152,9,0,0,Synthetic
10313,3459,2.981497542642382,2,2,0,Synthetic
18726,3443,5.438861458030787,9,2,1,Synthetic
18554,559,33.19141323792486,9,1,1,Synthetic
18119,4200,4.314047619047619,8,2,0,Synthetic
3461,6783,0.5102462037446558,5,2,0,Synthetic
3367,6764,0.49778237729154345,8,0,0,Synthetic
19090,6106,3.1264330167048806,2,2,1,Synthetic
11346,2029,5.591917200591424,5,1,1,Synthetic
12051,3899,3.090792510900231,8,1,0,Synthetic
17538,5944,2.9505383580080755,2,0,0,Synthetic
7169,9791,0.7322030436114799,8,2,0,Synthetic
4752,8139,0.5838555105049761,6,2,0,Synthetic
6691,9649,0.6934397346875324,3,1,0,Synthetic
18793,6468,2.905534941249227,5,1,0,Synthetic
2269,2372,0.9565767284991569,5,1,0,Synthetic
8415,8236,1.0217338513841672,3,2,0,Synthetic
885,6339,0.1396119261713204,9,0,0,Synthetic
15073,5819,2.590307612991923,1,0,0,Synthetic
3907,7351,0.5314923139708884,6,0,0,Synthetic
3336,2552,1.3072100313479624,2,0,0,Synthetic
5598,1146,4.884816753926701,3,1,1,Synthetic
9669,1639,5.899328859060403,3,1,1,Synthetic
440,582,0.7560137457044673,5,2,0,Synthetic
458,5131,0.08926135256285324,3,0,0,Synthetic
1727,9695,0.17813305827746262,3,0,0,Synthetic
13383,6852,1.953152364273205,1,2,0,Synthetic
2251,9629,0.2337729774639111,9,1,0,Synthetic
19318,9390,2.0572949946751864,5,0,0,Synthetic
2760,3930,0.7022900763358778,5,1,0,Synthetic
1808,3830,0.4720626631853786,6,0,0,Synthetic
12121,6738,1.798901751261502,7,0,0,Synthetic
1307,2160,0.6050925925925926,6,0,0,Synthetic
982,4961,0.19794396291070349,4,1,0,Synthetic
7266,8129,0.8938368803050806,4,1,0,Synthetic
13627,2654,5.134513941220799,9,2,1,Synthetic
3925,3736,1.0505888650963597,3,0,0,Synthetic
15409,4002,3.8503248375812094,2,2,1,Synthetic
6242,3019,2.067572043723087,7,0,0,Synthetic
19603,2063,9.502181289384392,4,0,1,Synthetic
8116,2584,3.1408668730650153,1,0,1,Synthetic
4035,7942,0.5080584235708889,6,2,0,Synthetic
2590,7180,0.3607242339832869,7,1,0,Synthetic
3520,6045,0.5822994210090985,3,1,0,Synthetic
19437,6129,3.1713166911404795,5,1,0,Synthetic
12044,3935,3.0607369758576874,3,1,1,Synthetic
12406,7737,1.603463874886907,8,1,0,Synthetic
4308,8933,0.4822568006268891,7,2,0,Synthetic
1188,3563,0.33342688745439236,9,0,0,Synthetic
10059,8268,1.2166182873730043,9,2,0,Synthetic
8548,3947,2.1656954649100584,3,1,0,Synthetic
15138,3375,4.485333333333333,7,0,1,Synthetic
15843,7627,2.077225645732267,6,2,0,Synthetic
19910,3855,5.164721141374838,3,1,1,Synthetic
287,5609,0.05116776609021216,3,2,0,Synthetic
8649,5847,1.4792201128783993,2,0,0,Synthetic
12549,8113,1.5467767780106003,6,1,0,Synthetic
12837,1697,7.564525633470831,8,2,1,Synthetic
2655,5609,0.4733464075592797,7,2,0,Synthetic
3051,1438,2.1216968011126567,8,1,0,Synthetic
5786,9442,0.6127938995975429,6,0,0,Synthetic
18072,2568,7.037383177570093,1,0,1,Synthetic
536,3028,0.17701453104359313,5,2,0,Synthetic
13464,7680,1.753125,9,1,0,Synthetic
10676,382,27.94764397905759,7,1,1,Synthetic
15469,7851,1.9703222519424277,8,1,0,Synthetic
259,6755,0.0383419689119171,4,0,0,Synthetic
14843,7046,2.106585296622197,4,0,0,Synthetic
5690,7119,0.7992695603315072,2,2,0,Synthetic
6146,5145,1.1945578231292517,8,1,0,Synthetic
16098,7216,2.2308758314855877,1,2,0,Synthetic
13852,5286,2.620506999621642,1,1,0,Synthetic
18368,2009,9.142857142857142,6,1,1,Synthetic
14187,6256,2.267742966751918,6,0,0,Synthetic
15375,9280,1.6567887931034482,9,0,0,Synthetic
5838,4432,1.3172382671480145,2,1,0,Synthetic
15346,9210,1.6662323561346362,3,0,0,Synthetic
8489,6291,1.3493880146240662,3,0,0,Synthetic
10740,8862,1.2119160460392688,1,2,0,Synthetic
12092,7294,1.657800932273101,7,0,0,Synthetic
12280,434,28.294930875576036,5,0,1,Synthetic
622,6104,0.10190039318479685,4,2,0,Synthetic
9921,6032,1.6447281167108754,5,2,0,Synthetic
5942,1516,3.9195250659630605,1,0,1,Synthetic
15306,2787,5.491926803013993,9,2,1,Synthetic
19858,1719,11.552065154159395,2,1,1,Synthetic
5455,5168,1.055534055727554,7,0,0,Synthetic
13424,2457,5.463573463573463,5,0,1,Synthetic
13511,4624,2.9219290657439445,6,2,0,Synthetic
2105,2216,0.9499097472924187,4,0,0,Synthetic
10170,9588,1.0607008760951189,2,0,0,Synthetic
18235,9167,1.9892003927129922,7,1,0,Synthetic
16463,9331,1.764333940628014,5,1,0,Synthetic
17945,5384,3.333023774145617,4,0,0,Synthetic
11615,434,26.762672811059907,3,0,1,Synthetic
7580,4413,1.7176523906639474,6,1,0,Synthetic
2200,3948,0.5572441742654508,6,1,0,Synthetic
10297,8216,1.253286270691334,4,1,0,Synthetic
17158,8288,2.0702220077220077,3,2,0,Synthetic
19145,2264,8.456272084805654,6,0,1,Synthetic
1501,3459,0.43394044521538017,6,0,0,Synthetic
4314,3427,1.2588269623577473,1,1,0,Synthetic
3966,6018,0.6590229312063809,9,1,0,Synthetic
15593,4263,3.657752756274924,5,0,0,Synthetic
8324,6398,1.3010315723663646,7,0,0,Synthetic
6255,919,6.806311207834603,5,0,1,Synthetic
18691,4626,4.040423692174665,8,0,1,Synthetic
15164,9035,1.6783619258439402,8,2,0,Synthetic
8780,2404,3.6522462562396005,2,1,1,Synthetic
19760,1302,15.176651305683563,7,1,1,Synthetic
8807,5423,1.6240088511893787,9,2,0,Synthetic
12008,9371,1.2814000640273184,2,2,0,Synthetic
16761,432,38.798611111111114,1,2,1,Synthetic
13501,7859,1.7179030410993765,7,1,0,Synthetic
11804,225,52.46222222222222,9,1,1,Synthetic
8752,3964,2.2078708375378406,8,2,0,Synthetic
7106,3683,1.9294053760521315,1,0,0,Synthetic
315,7805,0.04035874439461883,9,2,0,Synthetic
14924,4981,2.996185504918691,2,1,0,Synthetic
10068,7963,1.2643476076855455,4,0,0,Synthetic
14894,2495,5.969539078156313,6,0,1,Synthetic
11285,2146,5.258620689655173,2,2,1,Synthetic
19267,3844,5.01222684703434,5,1,1,Synthetic
11937,2845,4.195782073813708,2,1,1,Synthetic
10641,2132,4.991088180112571,3,1,1,Synthetic
5737,1316,4.359422492401216,8,0,1,Synthetic
8911,8088,1.10175568743818,2,2,0,Synthetic
14079,9997,1.4083224967490247,9,2,0,Synthetic
19227,8066,2.383709397470865,9,2,0,Synthetic
8648,7386,1.1708637963715136,7,2,0,Synthetic
719,1082,0.6645101663585952,2,0,0,Synthetic
14222,8636,1.6468272348309403,2,1,0,Synthetic
5466,8911,0.6133991695657053,8,1,0,Synthetic
3523,7176,0.49094202898550726,7,0,0,Synthetic
12574,3867,3.2516162399793123,8,1,0,Synthetic
8377,2668,3.1398050974512746,4,0,0,Synthetic
8255,3783,2.1821305841924397,5,1,0,Synthetic
5067,2569,1.9723627870766836,7,2,0,Synthetic
15614,4644,3.3621877691645135,3,0,1,Synthetic
1296,2987,0.4338801473049883,9,1,0,Synthetic
8027,3518,2.281694144400227,2,2,0,Synthetic
2276,3943,0.5772254628455491,9,0,0,Synthetic
9271,2651,3.4971708789136176,5,1,0,Synthetic
7878,3896,2.0220739219712525,7,2,0,Synthetic
19249,4569,4.212956883344277,4,0,1,Synthetic
10295,892,11.541479820627803,2,0,1,Synthetic
18645,8545,2.181977764774722,4,2,0,Synthetic
12702,3986,3.1866532865027595,9,0,0,Synthetic
14312,2113,6.77330809275911,1,0,1,Synthetic
10693,1972,5.422413793103448,9,0,1,Synthetic
13096,7623,1.7179588088678999,8,2,0,Synthetic
17144,6442,2.661285315119528,3,2,0,Synthetic
1232,899,1.3704115684093436,7,2,0,Synthetic
10330,6497,1.5899645990457134,8,0,0,Synthetic
4657,2379,1.9575451870533838,7,1,0,Synthetic
8375,1622,5.163378545006165,2,0,1,Synthetic
6796,9783,0.6946744352448124,3,2,0,Synthetic
13969,4770,2.928511530398323,4,1,0,Synthetic
16754,2668,6.279610194902549,1,2,1,Synthetic
15739,3807,4.134226425006567,8,1,0,Synthetic
19559,489,39.99795501022495,9,0,1,Synthetic
6714,3452,1.9449594438006952,8,2,0,Synthetic
11216,780,14.37948717948718,5,1,1,Synthetic
4876,1024,4.76171875,9,1,0,Synthetic
5545,1580,3.509493670886076,9,1,0,Synthetic
14026,3356,4.17938021454112,4,2,0,Synthetic
5910,8733,0.6767433871521814,4,1,0,Synthetic
12807,3440,3.72296511627907,5,0,0,Synthetic
18333,8697,2.1079682649189375,5,0,0,Synthetic
16689,7552,2.2098781779661016,6,2,0,Synthetic
5241,8701,0.6023445580967705,5,0,0,Synthetic
11934,3473,3.4362222862078893,2,2,1,Synthetic
12641,8912,1.4184245960502693,1,2,0,Synthetic
3651,3032,1.204155672823219,4,2,0,Synthetic
252,5954,0.0423244877393349,5,0,0,Synthetic
2900,5510,0.5263157894736842,9,2,0,Synthetic
12167,1304,9.330521472392638,9,2,1,Synthetic
7363,2114,3.4829706717123936,6,0,0,Synthetic
506,366,1.3825136612021858,9,0,0,Synthetic
19973,880,22.696590909090908,9,0,1,Synthetic
4457,1563,2.8515674984005117,4,0,0,Synthetic
1638,3608,0.4539911308203991,1,2,0,Synthetic
2330,4487,0.5192779139737018,1,0,0,Synthetic
7206,9889,0.7286884417029023,4,1,0,Synthetic
8660,5146,1.6828604741546833,4,2,0,Synthetic
19019,4373,4.349188200320146,1,1,1,Synthetic
4869,4996,0.9745796637309848,7,2,0,Synthetic
19456,4122,4.720038816108685,6,0,1,Synthetic
17476,8312,2.102502406159769,8,2,0,Synthetic
18724,1676,11.171837708830548,6,0,1,Synthetic
15699,2055,7.63941605839416,3,2,1,Synthetic
2863,3863,0.7411338338079213,9,2,0,Synthetic
16935,9929,1.7056098297915199,8,1,0,Synthetic
17366,4608,3.7686631944444446,5,2,0,Synthetic
19761,8766,2.254277891854894,3,1,0,Synthetic
11354,4890,2.321881390593047,3,1,0,Synthetic
4659,7491,0.6219463356027233,1,0,0,Synthetic
19681,339,58.05604719764012,1,1,1,Synthetic
19652,8908,2.2061068702290076,9,1,0,Synthetic
6361,1087,5.8518859245630175,1,1,1,Synthetic
16533,4151,3.9828956877860757,9,2,0,Synthetic
12353,2806,4.402352102637206,7,0,1,Synthetic
13552,3965,3.417906683480454,7,2,0,Synthetic
12602,9941,1.2676793079167086,7,2,0,Synthetic
6041,7844,0.7701427842937277,8,0,0,Synthetic
15266,2961,5.155690645052347,9,0,1,Synthetic
5888,401,14.683291770573566,1,1,1,Synthetic
17001,7937,2.1419931964218217,5,1,0,Synthetic
2088,4002,0.5217391304347826,1,2,0,Synthetic
7262,6441,1.127464679397609,9,2,0,Synthetic
8499,5833,1.4570546888393623,8,1,0,Synthetic
4217,8545,0.4935049736688122,7,2,0,Synthetic
1618,6363,0.2542825711142543,9,1,0,Synthetic
18679,3754,4.975759190197123,2,1,1,Synthetic
19333,1942,9.955200823892893,9,0,1,Synthetic
13132,4395,2.9879408418657567,2,0,0,Synthetic
7719,9480,0.8142405063291139,3,1,0,Synthetic
14396,6609,2.1782417914964443,5,2,0,Synthetic
15774,4957,3.18216663304418,3,0,1,Synthetic
15326,1471,10.418762746431,6,1,1,Synthetic
18945,4320,4.385416666666667,1,0,1,Synthetic
4496,9483,0.4741115680691764,7,0,0,Synthetic
182,2120,0.08584905660377358,4,0,0,Synthetic
15696,2293,6.845180985608374,6,1,1,Synthetic
10996,5137,2.1405489585361104,2,2,0,Synthetic
18585,3690,5.036585365853658,4,2,1,Synthetic
17848,7494,2.3816386442487323,9,2,0,Synthetic
3776,2626,1.437928408225438,9,2,0,Synthetic
3062,1059,2.891406987724268,1,2,0,Synthetic
2524,9456,0.26692047377326567,2,0,0,Synthetic
10378,8760,1.184703196347032,5,2,0,Synthetic
1234,5366,0.22996645546030564,1,0,0,Synthetic
4264,2546,1.6747839748625295,2,2,0,Synthetic
8352,5241,1.5935890097309673,3,1,0,Synthetic
17821,1384,12.876445086705202,2,1,1,Synthetic
18010,1561,11.537475976937861,6,2,1,Synthetic
4470,5483,0.8152471274849535,8,1,0,Synthetic
10726,2193,4.891016871865025,6,0,1,Synthetic
1114,802,1.3890274314214464,8,2,0,Synthetic
16973,7064,2.4027463193657983,9,0,0,Synthetic
8124,494,16.445344129554655,1,0,1,Synthetic
18357,3458,5.30855986119144,5,1,1,Synthetic
4558,5507,0.8276738696204831,6,1,0,Synthetic
17163,5938,2.8903671269787807,5,2,0,Synthetic
14527,7897,1.8395593263264531,2,2,0,Synthetic
7929,7552,1.0499205508474576,4,1,0,Synthetic
8426,3844,2.191987513007284,6,2,0,Synthetic
7396,9214,0.802691556327328,3,1,0,Synthetic
11273,8512,1.3243656015037595,1,1,0,Synthetic
13752,5303,2.593249104280596,5,0,0,Synthetic
2861,2268,1.2614638447971782,2,2,0,Synthetic
2768,1002,2.7624750499001998,4,0,0,Synthetic
295,2387,0.12358609132802681,8,1,0,Synthetic
3706,8668,0.42754960775265344,4,0,0,Synthetic
13722,2791,4.916517377284127,7,0,1,Synthetic
6221,1400,4.4435714285714285,7,0,1,Synthetic
7072,336,21.047619047619047,6,2,1,Synthetic
19078,7406,2.576019443694302,6,0,0,Synthetic
186,6419,0.028976476086617853,7,2,0,Synthetic
14849,7168,2.071568080357143,6,0,0,Synthetic
13696,1900,7.208421052631579,7,0,1,Synthetic
11921,1847,6.454250135354629,7,0,1,Synthetic
5620,3887,1.4458451247748907,5,1,0,Synthetic
8937,4957,1.8029049828525319,6,0,0,Synthetic
9012,4933,1.8268801946077438,3,1,0,Synthetic
1773,8506,0.20844110039971783,4,1,0,Synthetic
13645,7378,1.8494171862293305,7,2,0,Synthetic
3730,346,10.780346820809248,6,2,1,Synthetic
3553,4707,0.7548332271085617,8,2,0,Synthetic
5728,8528,0.6716697936210131,1,1,0,Synthetic
3652,218,16.75229357798165,3,1,1,Synthetic
5197,8840,0.58789592760181,2,1,0,Synthetic
5718,4436,1.2889990982867447,6,0,0,Synthetic
11269,4388,2.5681403828623517,1,0,0,Synthetic
5027,4590,1.0952069716775599,8,1,0,Synthetic
6260,5588,1.1202576950608447,5,1,0,Synthetic
15910,5326,2.9872324446113407,1,2,0,Synthetic
292,1976,0.14777327935222673,1,2,0,Synthetic
18272,7574,2.4124636915764457,5,2,0,Synthetic
10755,9559,1.1251176901349513,9,1,0,Synthetic
6911,9488,0.728393760539629,8,0,0,Synthetic
604,9779,0.06176500664689641,3,1,0,Synthetic
3916,917,4.270447110141767,3,2,1,Synthetic
5157,4208,1.225522813688213,3,2,0,Synthetic
3864,4837,0.7988422575976846,9,1,0,Synthetic
10774,8775,1.2278062678062678,2,1,0,Synthetic
19049,2963,6.428957138035774,9,2,1,Synthetic
11164,4980,2.2417670682730924,2,1,0,Synthetic
6576,2804,2.3452211126961484,6,2,0,Synthetic
17015,6279,2.7098264054785792,3,2,0,Synthetic
16486,8597,1.9176456903571013,8,2,0,Synthetic
2990,6439,0.46435781953719524,2,1,0,Synthetic
9571,870,11.001149425287357,2,0,1,Synthetic
11867,5367,2.2111049003167507,9,0,0,Synthetic
16733,6657,2.513594712332883,5,0,0,Synthetic
2954,9895,0.29853461344113186,4,0,0,Synthetic
11718,5530,2.118987341772152,7,0,0,Synthetic
3042,8611,0.3532690744396702,6,0,0,Synthetic
11805,1190,9.920168067226891,3,0,1,Synthetic
16035,9195,1.7438825448613378,5,0,0,Synthetic
19375,3716,5.213939720129171,6,2,1,Synthetic
6044,7604,0.7948448185165702,2,1,0,Synthetic
11073,7059,1.5686357841053973,1,1,0,Synthetic
19045,6739,2.8260869565217392,3,1,0,Synthetic
4986,7685,0.6487963565387118,1,1,0,Synthetic
10844,4534,2.3917071018967797,3,1,0,Synthetic
12326,6404,1.92473454091193,1,1,0,Synthetic
15120,6311,2.395816827761052,5,1,0,Synthetic
16240,1122,14.47415329768271,4,2,1,Synthetic
8057,3246,2.482131854590265,5,2,0,Synthetic
1330,7847,0.1694915254237288,7,2,0,Synthetic
5033,9755,0.5159405433111225,5,0,0,Synthetic
15999,9160,1.7466157205240174,5,2,0,Synthetic
19065,1293,14.74477958236659,5,2,1,Synthetic
5810,9932,0.5849778493757551,8,1,0,Synthetic
789,3959,0.19929275069461985,6,0,0,Synthetic
2203,565,3.8991150442477878,8,2,0,Synthetic
12842,4372,2.9373284537968893,6,1,0,Synthetic
15723,2578,6.098913886733902,1,1,1,Synthetic
12131,5869,2.0669620037485092,4,2,0,Synthetic
1056,9506,0.11108773406269724,3,0,0,Synthetic
14086,6596,2.135536688902365,1,2,0,Synthetic
13399,3164,4.234829329962073,3,1,1,Synthetic
14382,6844,2.1014026884862655,3,1,0,Synthetic
265,1119,0.23681858802502234,2,0,0,Synthetic
17475,6247,2.7973427245077636,7,2,0,Synthetic
3939,1458,2.7016460905349793,3,2,0,Synthetic
13619,5004,2.721622701838529,5,0,0,Synthetic
10876,267,40.734082397003746,3,2,1,Synthetic
3621,772,4.6904145077720205,9,2,0,Synthetic
11194,6239,1.7941977881070685,2,2,0,Synthetic
19071,8076,2.361441307578009,5,2,0,Synthetic
2927,5432,0.5388438880706922,4,1,0,Synthetic
14332,9429,1.5199915155371726,2,2,0,Synthetic
13978,7037,1.9863578229359102,2,2,0,Synthetic
3816,3614,1.0558937465412286,9,2,0,Synthetic
19388,2705,7.167467652495379,6,2,1,Synthetic
7082,7627,0.9285433328962895,1,2,0,Synthetic
17099,7286,2.3468295360966236,1,0,0,Synthetic
19989,4729,4.226897864241912,1,2,1,Synthetic
7326,5362,1.3662812383439016,8,1,0,Synthetic
4727,7589,0.6228752141257082,6,2,0,Synthetic
7423,3455,2.148480463096961,2,0,0,Synthetic
19273,4075,4.729570552147239,6,1,0,Synthetic
9902,8335,1.188002399520096,8,2,0,Synthetic
11513,7375,1.561084745762712,8,1,0,Synthetic
5121,4935,1.0376899696048631,4,2,0,Synthetic
13555,9333,1.4523732990463945,7,0,0,Synthetic
1362,5247,0.259576901086335,5,2,0,Synthetic
3427,5830,0.5878216123499143,9,2,0,Synthetic
18743,1457,12.86410432395333,1,2,1,Synthetic
19778,6974,2.8359621451104102,9,2,0,Synthetic
9176,4005,2.291136079900125,4,2,0,Synthetic
5850,4056,1.4423076923076923,3,1,0,Synthetic
1646,6265,0.2627294493216281,7,1,0,Synthetic
14213,9154,1.5526545772339961,4,1,0,Synthetic
2875,6828,0.4210603397773872,4,2,0,Synthetic
14219,8975,1.5842896935933148,8,2,0,Synthetic
16675,9295,1.793975255513717,8,1,0,Synthetic
4234,7787,0.5437267240272249,4,0,0,Synthetic
12157,5657,2.149018914619056,6,2,0,Synthetic
18363,7742,2.3718677344355465,5,1,0,Synthetic
1389,1647,0.843351548269581,8,2,0,Synthetic
19667,5662,3.4735075944895795,1,0,1,Synthetic
19802,2982,6.640509725016767,9,2,1,Synthetic
10445,6524,1.6010116492949111,8,1,0,Synthetic
17260,5408,3.1915680473372783,2,2,1,Synthetic
13323,8280,1.6090579710144928,7,2,0,Synthetic
7792,3303,2.359067514380866,9,1,0,Synthetic
7224,5401,1.3375300870209221,9,2,0,Synthetic
4015,3309,1.2133575098216984,3,2,0,Synthetic
326,4343,0.07506332028551692,2,2,0,Synthetic
12071,386,31.2720207253886,9,1,1,Synthetic
2635,2132,1.2359287054409005,1,0,0,Synthetic
1352,5709,0.23681905762830618,3,0,0,Synthetic
14623,2081,7.026910139356079,6,2,1,Synthetic
13483,1895,7.115039577836412,6,2,1,Synthetic
1545,6463,0.23905307132910414,5,1,0,Synthetic
18150,7101,2.5559780312632023,2,1,0,Synthetic
6955,2494,2.78869286287089,8,1,0,Synthetic
14620,9621,1.5195925579461596,3,1,0,Synthetic
14179,898,15.789532293986637,1,2,1,Synthetic
16832,5574,3.019734481521349,5,1,0,Synthetic
16791,3616,4.643528761061947,9,2,0,Synthetic
4920,3758,1.309207025013305,6,0,0,Synthetic
16016,3185,5.0285714285714285,2,0,1,Synthetic
8567,2747,3.1186749180924647,1,1,1,Synthetic
19463,4168,4.669625719769674,1,1,1,Synthetic
5547,6329,0.8764417759519672,7,1,0,Synthetic
8619,514,16.768482490272373,7,0,1,Synthetic
8447,5792,1.4583908839779005,7,1,0,Synthetic
11097,921,12.04885993485342,1,1,1,Synthetic
970,6951,0.13954826643648396,2,0,0,Synthetic
1217,3028,0.4019154557463672,5,1,0,Synthetic
15096,1847,8.173253925284245,7,0,1,Synthetic
13878,6971,1.9908191077320327,9,1,0,Synthetic
3535,6822,0.5181764878334799,5,2,0,Synthetic
10723,7269,1.4751685238684826,1,0,0,Synthetic
2796,1917,1.458528951486698,1,2,0,Synthetic
14254,3991,3.5715359559007767,9,2,0,Synthetic
17988,3508,5.127708095781072,9,0,1,Synthetic
18174,9736,1.8666803615447822,8,1,0,Synthetic
16161,9274,1.742613758895838,7,2,0,Synthetic
15298,6616,2.312273276904474,1,1,0,Synthetic
9024,4124,2.1881668283220175,8,2,0,Synthetic
9883,4685,2.1094983991462115,6,1,0,Synthetic
13001,8300,1.5663855421686748,3,1,0,Synthetic
5931,9648,0.6147388059701493,1,2,0,Synthetic
13782,7199,1.9144325600777885,1,0,0,Synthetic
12491,2074,6.022661523625843,7,2,1,Synthetic
9321,1251,7.45083932853717,2,1,1,Synthetic
11482,7738,1.4838459550271388,4,1,0,Synthetic
12039,2305,5.222993492407809,4,1,1,Synthetic
3459,3376,1.024585308056872,4,2,0,Synthetic
18001,6426,2.8012760659819484,3,1,0,Synthetic
14430,5091,2.834413671184443,1,1,0,Synthetic
12597,3063,4.112634671890303,8,0,1,Synthetic
13355,4767,2.801552338997273,2,1,0,Synthetic
11855,9314,1.2728151170281297,9,2,0,Synthetic
11251,383,29.37597911227154,8,2,1,Synthetic
11088,8928,1.2419354838709677,2,2,0,Synthetic
1373,6853,0.20035021158616664,6,1,0,Synthetic
17580,9697,1.812931834588017,4,1,0,Synthetic
8102,4447,1.821902406116483,5,2,0,Synthetic
19838,470,42.208510638297874,3,0,1,Synthetic
12056,6505,1.8533435818601076,7,2,0,Synthetic
12821,7195,1.7819318971507991,7,2,0,Synthetic
2330,6711,0.34719117866189836,1,1,0,Synthetic
4865,4170,1.1666666666666667,5,0,0,Synthetic
5652,827,6.834340991535671,6,0,1,Synthetic
6689,2244,2.980837789661319,1,1,0,Synthetic
5984,8385,0.7136553369111509,4,2,0,Synthetic
9275,9280,0.9994612068965517,5,1,0,Synthetic
2772,7479,0.37063778580024065,7,2,0,Synthetic
13048,4259,3.0636299600845267,3,1,1,Synthetic
13259,8583,1.5447978562274263,3,1,0,Synthetic
10477,4640,2.2579741379310345,4,0,0,Synthetic
3883,6846,0.5671925211802512,5,1,0,Synthetic
1816,510,3.56078431372549,5,2,0,Synthetic
1360,4132,0.3291384317521781,5,0,0,Synthetic
14111,3066,4.602413568166993,7,1,0,Synthetic
11056,1090,10.143119266055045,8,2,1,Synthetic
9023,4161,2.1684691180004805,9,2,0,Synthetic
18203,6886,2.6434795236712167,4,0,0,Synthetic
9903,1096,9.03558394160584,7,1,1,Synthetic
10450,2632,3.9703647416413372,1,0,1,Synthetic
11554,7037,1.6418928520676426,5,2,0,Synthetic
9524,4317,2.206161686356266,6,2,0,Synthetic
18512,7045,2.6276792051100073,1,0,0,Synthetic
8948,365,24.515068493150686,1,1,1,Synthetic
19305,6709,2.877478014607244,8,0,0,Synthetic
13042,3780,3.45026455026455,1,2,1,Synthetic
9560,1215,7.868312757201646,3,1,1,Synthetic
13369,8184,1.633553274682307,7,0,0,Synthetic
11368,1185,9.59324894514768,4,1,1,Synthetic
9001,2818,3.194109297374024,2,1,1,Synthetic
9703,7128,1.3612514029180696,9,1,0,Synthetic
14819,7766,1.9081895441668812,3,2,0,Synthetic
15186,1203,12.623441396508728,3,0,1,Synthetic
18950,2139,8.859280037400655,4,2,1,Synthetic
8195,6465,1.2675947409126063,8,0,0,Synthetic
14798,1273,11.624509033778477,1,2,1,Synthetic
4995,7531,0.6632585314035321,6,1,0,Synthetic
9443,2156,4.37987012987013,4,2,0,Synthetic
14131,5027,2.8110204893574697,4,0,0,Synthetic
15293,9699,1.5767604907722446,2,2,0,Synthetic
13158,957,13.74921630094044,8,2,1,Synthetic
12558,3758,3.3416711016498137,2,2,1,Synthetic
3675,9267,0.39656846876011653,3,2,0,Synthetic
1101,5444,0.20224099926524614,9,2,0,Synthetic
19329,9873,1.9577635976906715,6,1,0,Synthetic
5416,622,8.707395498392282,2,2,1,Synthetic
7649,6516,1.173879680785758,7,0,0,Synthetic
10689,8269,1.2926593300278146,8,1,0,Synthetic
19025,6963,2.7322992962803387,4,0,0,Synthetic
18537,8679,2.135845143449706,2,2,0,Synthetic
17931,6209,2.8879046545337412,9,0,0,Synthetic
9517,9627,0.9885738028461618,6,2,0,Synthetic
12834,3377,3.800414569144211,1,2,1,Synthetic
11188,1008,11.09920634920635,3,0,1,Synthetic
17209,7901,2.178078724212125,1,1,0,Synthetic
14291,3006,4.754158349966733,3,0,1,Synthetic
2223,8990,0.24727474972191324,1,1,0,Synthetic
14548,9232,1.5758232235701906,7,1,0,Synthetic
17590,324,54.29012345679013,5,2,1,Synthetic
3031,3171,0.9558498896247241,2,0,0,Synthetic
2515,3296,0.7630461165048543,9,1,0,Synthetic
12762,6982,1.827843024921226,9,0,0,Synthetic
11718,8507,1.3774538615258023,2,1,0,Synthetic
10438,5778,1.8065074420214606,5,0,0,Synthetic
7481,4980,1.5022088353413654,7,2,0,Synthetic
3041,5895,0.5158608990670059,2,0,0,Synthetic
13197,9369,1.408581492154979,6,2,0,Synthetic
5550,9175,0.6049046321525886,1,2,0,Synthetic
18037,1212,14.882013201320133,6,0,1,Synthetic
13775,4786,2.8781863769327205,4,2,0,Synthetic
5977,6985,0.8556907659269865,8,2,0,Synthetic
18386,4870,3.775359342915811,8,0,0,Synthetic
18273,216,84.59722222222223,1,0,1,Synthetic
6056,289,20.955017301038062,4,1,1,Synthetic
16072,9317,1.7250187828700225,7,1,0,Synthetic
17453,1294,13.487635239567233,4,0,1,Synthetic
4082,5755,0.7092962641181582,3,0,0,Synthetic
3192,4359,0.7322780454232622,5,2,0,Synthetic
14071,5133,2.74128190142217,4,1,0,Synthetic
3065,4519,0.6782473998672273,2,0,0,Synthetic
9241,4139,2.2326648949021504,3,2,0,Synthetic
10373,9221,1.1249322199327623,6,0,0,Synthetic
2681,891,3.0089786756453423,4,2,0,Synthetic
1031,8110,0.12712700369913688,3,2,0,Synthetic
13961,6582,2.1210878152537225,9,0,0,Synthetic
17795,8779,2.02699624102973,2,1,0,Synthetic
16046,3948,4.064336372847011,6,1,0,Synthetic
18343,6129,2.9928210148474466,9,1,0,Synthetic
14018,4875,2.8754871794871795,3,1,0,Synthetic
10817,9574,1.1298307917275956,3,0,0,Synthetic
10168,5508,1.8460421205519244,3,2,0,Synthetic
387,6153,0.0628961482203803,4,1,0,Synthetic
16613,6537,2.5413798378461068,8,0,0,Synthetic
6083,343,17.73469387755102,7,0,1,Synthetic
17410,3378,5.153937240970989,8,0,1,Synthetic
5102,1086,4.697974217311234,5,2,0,Synthetic
13821,8697,1.5891686788547774,1,0,0,Synthetic
17855,7335,2.434219495569189,1,2,0,Synthetic
16231,9523,1.7043998739892892,3,1,0,Synthetic
11659,9209,1.2660440873058965,3,2,0,Synthetic
2637,3042,0.8668639053254438,1,1,0,Synthetic
3109,8184,0.3798875855327468,2,1,0,Synthetic
2177,8045,0.270602858918583,9,0,0,Synthetic
4973,8835,0.5628749292586305,8,0,0,Synthetic
9136,1215,7.519341563786008,9,1,1,Synthetic
8845,2550,3.4686274509803923,5,1,0,Synthetic
1360,7901,0.17213011011264398,9,1,0,Synthetic
10501,5793,1.8127049887795614,9,1,0,Synthetic
5643,7440,0.7584677419354838,9,1,0,Synthetic
10179,4009,2.5390371663756546,4,2,0,Synthetic
13846,1609,8.605344934742076,9,1,1,Synthetic
15653,7652,2.0456089911134345,5,0,0,Synthetic
13258,479,27.678496868475992,5,1,1,Synthetic
19153,8025,2.3866666666666667,8,1,0,Synthetic
5347,4627,1.1556083855629997,6,1,0,Synthetic
13831,7389,1.8718365137366355,4,0,0,Synthetic
9411,7897,1.191718374066101,6,2,0,Synthetic
17146,8871,1.9328147897644008,5,0,0,Synthetic
5681,2214,2.5659439927732612,6,0,0,Synthetic
7248,7966,0.9098669344715039,7,1,0,Synthetic
6019,5875,1.0245106382978724,1,0,0,Synthetic
6738,4851,1.3889919604205319,2,0,0,Synthetic
10448,4066,2.569601574028529,4,2,0,Synthetic
17099,7111,2.404584446631979,1,0,0,Synthetic
7554,9176,0.8232345248474281,3,1,0,Synthetic
16409,2437,6.733278621255642,7,0,1,Synthetic
10630,525,20.247619047619047,9,2,1,Synthetic
2085,5132,0.40627435697583786,9,2,0,Synthetic
14266,7954,1.7935629871762635,7,2,0,Synthetic
12953,1567,8.266113592852584,6,1,1,Synthetic
2675,6954,0.3846706931262583,4,1,0,Synthetic
2086,2440,0.8549180327868853,5,2,0,Synthetic
6068,9243,0.6564968083955426,6,0,0,Synthetic
3094,3944,0.7844827586206896,3,2,0,Synthetic
5694,7731,0.7365153279006597,4,0,0,Synthetic
3244,442,7.339366515837104,6,2,1,Synthetic
7369,7330,1.0053206002728512,9,1,0,Synthetic
17983,2358,7.6263782866836305,5,0,1,Synthetic
10550,4239,2.4887945270110876,4,1,0,Synthetic
17341,4023,4.310464827243351,3,1,1,Synthetic
12282,498,24.662650602409638,9,2,1,Synthetic
19283,6778,2.844939510179994,7,1,0,Synthetic
18286,2857,6.40042002100105,3,1,1,Synthetic
1041,2107,0.49406739439962033,6,0,0,Synthetic
17727,5896,3.0066146540027137,3,2,1,Synthetic
18450,575,32.08695652173913,7,2,1,Synthetic
11680,8033,1.4540022407568778,6,1,0,Synthetic
8206,1852,4.430885529157667,5,1,0,Synthetic
699,5015,0.13938185443668993,9,0,0,Synthetic
8892,8772,1.0136798905608755,6,1,0,Synthetic
10455,9490,1.101685985247629,1,2,0,Synthetic
14045,7582,1.852413611184384,7,1,0,Synthetic
7807,946,8.252642706131079,9,1,1,Synthetic
17404,9469,1.8379976766289998,3,0,0,Synthetic
15623,2581,6.053080201472298,3,1,1,Synthetic
372,1973,0.188545362392296,4,0,0,Synthetic
14514,1146,12.664921465968586,6,1,1,Synthetic
16990,6919,2.4555571614395144,6,1,0,Synthetic
11450,6560,1.7454268292682926,7,1,0,Synthetic
10164,1392,7.301724137931035,9,2,1,Synthetic
12768,6306,2.0247383444338727,4,0,0,Synthetic
2660,6067,0.43843744849184113,5,1,0,Synthetic
1639,9304,0.17616079105760962,4,2,0,Synthetic
8793,9121,0.9640390308080254,4,0,0,Synthetic
10410,7545,1.3797216699801194,9,0,0,Synthetic
4486,1119,4.00893655049151,3,1,1,Synthetic
9047,6130,1.4758564437194128,9,1,0,Synthetic
607,1636,0.37102689486552565,3,2,0,Synthetic
16222,7554,2.1474715382578764,4,0,0,Synthetic
13940,3822,3.6473050758765044,7,0,0,Synthetic
3815,8037,0.4746796068184646,6,2,0,Synthetic
18639,6611,2.8193919225533204,4,1,0,Synthetic
15549,892,17.431614349775785,7,0,1,Synthetic
8548,641,13.335413416536662,7,1,1,Synthetic
6633,4877,1.360057412343654,8,1,0,Synthetic
9416,8133,1.1577523669002827,5,1,0,Synthetic
8028,2280,3.5210526315789474,5,1,0,Synthetic
17345,8546,2.029604493330213,7,0,0,Synthetic
17753,604,29.392384105960264,7,0,1,Synthetic
1284,9138,0.14051214707813525,5,2,0,Synthetic
13157,6011,2.1888204957577773,7,0,0,Synthetic
16655,8665,1.9221004039238314,3,2,0,Synthetic
16181,621,26.056360708534623,5,1,1,Synthetic
16388,4875,3.361641025641026,2,0,1,Synthetic
6848,6303,1.086466761859432,6,1,0,Synthetic
19727,2381,8.28517429651407,9,2,1,Synthetic
11448,9982,1.146864355840513,7,2,0,Synthetic
9946,8656,1.149029574861368,6,0,0,Synthetic
19258,5873,3.2790737272262898,5,2,0,Synthetic
17837,9281,1.9218834177351578,7,0,0,Synthetic
18654,5706,3.2691903259726605,3,1,1,Synthetic
2495,8420,0.29631828978622327,3,1,0,Synthetic
5615,2870,1.956445993031359,6,0,0,Synthetic
11510,3338,3.4481725584182144,8,2,0,Synthetic
10461,8731,1.1981445424350017,4,2,0,Synthetic
17040,8222,2.072488445633666,3,0,0,Synthetic
6577,7700,0.8541558441558441,5,0,0,Synthetic
6570,2262,2.9045092838196287,7,1,0,Synthetic
19980,2013,9.92548435171386,8,0,1,Synthetic
14408,9843,1.4637813674692675,1,1,0,Synthetic
9806,1431,6.852550663871418,8,0,1,Synthetic
4156,505,8.22970297029703,9,0,1,Synthetic
1789,9909,0.18054294076092442,9,0,0,Synthetic
3962,9842,0.40256045519203415,9,1,0,Synthetic
19745,9556,2.0662411050648806,2,2,0,Synthetic
17826,5760,3.0947916666666666,3,2,1,Synthetic
14083,4406,3.196323195642306,9,0,0,Synthetic
7335,1013,7.240868706811451,9,1,1,Synthetic
2131,8714,0.24454900160661006,8,1,0,Synthetic
14387,6111,2.3542791687121585,7,1,0,Synthetic
3440,8076,0.4259534422981674,9,1,0,Synthetic
19381,9481,2.0441936504588125,7,0,0,Synthetic
4370,4883,0.8949416342412452,2,2,0,Synthetic
1884,3710,0.5078167115902965,3,2,0,Synthetic
9290,5628,1.6506751954513148,6,0,0,Synthetic
9743,4858,2.0055578427336354,7,1,0,Synthetic
7769,6419,1.2103131328867425,7,2,0,Synthetic
17796,3162,5.6280834914611,4,0,1,Synthetic
19681,5496,3.5809679767103346,5,1,0,Synthetic
5830,326,17.883435582822084,3,1,1,Synthetic
16097,1566,10.27905491698595,6,1,1,Synthetic
6771,6883,0.9837280255702455,3,0,0,Synthetic
2987,9854,0.3031256342601989,7,1,0,Synthetic
4280,3041,1.4074317658664912,8,0,0,Synthetic
6140,3760,1.6329787234042554,1,1,0,Synthetic
4858,826,5.88135593220339,7,2,1,Synthetic
16334,5214,3.1327196010740312,2,2,1,Synthetic
19780,2140,9.242990654205608,9,2,1,Synthetic
1982,5108,0.3880187940485513,2,2,0,Synthetic
4630,881,5.255391600454029,7,1,1,Synthetic
13843,2587,5.350985697719366,6,2,1,Synthetic
4440,2356,1.8845500848896435,9,2,0,Synthetic
2680,7457,0.35939385811988733,8,0,0,Synthetic
14000,6972,2.0080321285140563,1,0,0,Synthetic
18469,9913,1.863109048723898,9,1,0,Synthetic
11694,2496,4.685096153846154,6,1,0,Synthetic
9390,1877,5.002663825253063,2,2,1,Synthetic
5722,8252,0.6934076587493941,3,0,0,Synthetic
5750,6279,0.9157509157509157,1,0,0,Synthetic
6587,1258,5.236089030206677,1,0,1,Synthetic
18960,4803,3.947532792004997,2,0,1,Synthetic
320,5018,0.06377042646472698,9,1,0,Synthetic
5718,7409,0.7717640707247941,3,0,0,Synthetic
18355,8115,2.261860751694393,8,2,0,Synthetic
16005,8736,1.8320741758241759,6,0,0,Synthetic
5853,7437,0.7870108914885035,9,2,0,Synthetic
19082,1201,15.88842631140716,9,1,1,Synthetic
4576,678,6.7492625368731565,4,2,1,Synthetic
1291,6497,0.19870709558257657,4,0,0,Synthetic
16755,8534,1.9633231778767284,3,0,0,Synthetic
8087,3532,2.289637599093998,4,2,0,Synthetic
9973,822,12.132603406326034,2,0,1,Synthetic
2672,7115,0.37554462403373157,9,2,0,Synthetic
15955,7733,2.063235484288116,9,1,0,Synthetic
17624,5930,2.972006745362563,5,0,0,Synthetic
16368,9579,1.7087378640776698,8,0,0,Synthetic
19823,748,26.50133689839572,8,0,1,Synthetic
14743,398,37.04271356783919,2,1,1,Synthetic
17055,990,17.227272727272727,7,2,1,Synthetic
17658,378,46.714285714285715,5,2,1,Synthetic
17218,6432,2.6769278606965172,2,2,0,Synthetic
12596,4788,2.6307435254803675,2,0,0,Synthetic
3184,931,3.4199785177228788,7,1,0,Synthetic
12070,3133,3.8525375039897862,4,0,0,Synthetic
5174,7299,0.7088642279764351,3,1,0,Synthetic
1490,3589,0.4151574254667038,8,0,0,Synthetic
2471,4512,0.5476507092198581,7,2,0,Synthetic
6426,7288,0.8817233809001098,3,1,0,Synthetic
16001,1367,11.705193855157278,6,2,1,Synthetic
3893,6938,0.5611127125972902,1,2,0,Synthetic
18704,9364,1.9974369927381461,7,2,0,Synthetic
15981,6891,2.3191118850674792,9,1,0,Synthetic
17397,6558,2.6527904849039343,6,0,0,Synthetic
19681,6240,3.15400641025641,7,0,0,Synthetic
15611,7237,2.157109299433467,2,2,0,Synthetic
13486,9581,1.407577497129736,3,1,0,Synthetic
17171,4861,3.5324007405883564,8,2,0,Synthetic
7489,5122,1.4621241702459977,8,2,0,Synthetic
10103,3383,2.9864026012415015,6,2,0,Synthetic
15340,4168,3.68042226487524,8,1,0,Synthetic
13095,578,22.655709342560552,3,1,1,Synthetic
6480,815,7.950920245398773,7,2,1,Synthetic
18238,663,27.508295625942687,6,2,1,Synthetic
3258,3824,0.8519874476987448,5,0,0,Synthetic
8981,5803,1.5476477683956573,5,0,0,Synthetic
16866,2456,6.8672638436482085,3,0,1,Synthetic
9875,6346,1.5560983296564765,4,2,0,Synthetic
5665,9002,0.6293045989780048,4,1,0,Synthetic
546,1591,0.3431803896920176,1,2,0,Synthetic
6069,9465,0.6412044374009509,6,1,0,Synthetic
5554,3350,1.6579104477611941,6,2,0,Synthetic
6514,4857,1.3411570928556722,4,2,0,Synthetic
14994,5268,2.84624145785877,9,1,0,Synthetic
1083,5807,0.1864990528672292,4,0,0,Synthetic
9316,8937,1.042407966879266,9,0,0,Synthetic
9397,2190,4.290867579908676,7,2,0,Synthetic
3875,9312,0.4161297250859107,6,1,0,Synthetic
15806,4635,3.410140237324703,5,0,0,Synthetic
17529,8151,2.1505336768494665,2,1,0,Synthetic
3299,6968,0.4734500574052813,1,1,0,Synthetic
19034,4425,4.301468926553673,4,0,1,Synthetic
6154,1705,3.609384164222874,6,0,0,Synthetic
16444,6668,2.466106778644271,5,2,0,Synthetic
13899,7052,1.9709302325581395,9,1,0,Synthetic
2759,7709,0.3578933713840965,6,1,0,Synthetic
2821,9854,0.2862796833773087,6,2,0,Synthetic
3025,7304,0.4141566265060241,1,0,0,Synthetic
315,7499,0.042005600746766236,4,0,0,Synthetic
3253,7650,0.42522875816993466,1,1,0,Synthetic
1228,3710,0.3309973045822102,4,1,0,Synthetic
18849,5783,3.2593809441466366,2,2,1,Synthetic
6101,4767,1.2798405705894693,8,0,0,Synthetic
14448,2941,4.9126147568854135,1,0,1,Synthetic
16778,4484,3.7417484388938447,1,2,1,Synthetic
1018,698,1.4584527220630372,2,1,0,Synthetic
3879,2318,1.673425366695427,8,1,0,Synthetic
14029,8142,1.7230410218619503,8,1,0,Synthetic
4665,392,11.900510204081632,4,1,1,Synthetic
8343,2610,3.196551724137931,5,1,0,Synthetic
19052,6082,3.1325221966458403,3,2,1,Synthetic
11561,3399,3.401294498381877,4,2,0,Synthetic
12297,440,27.947727272727274,1,2,1,Synthetic
5177,3968,1.3046875,7,2,0,Synthetic
13376,3805,3.5153745072273326,4,1,0,Synthetic
6668,2801,2.3805783648696894,2,0,0,Synthetic
13954,7525,1.8543521594684385,2,2,0,Synthetic
8413,4568,1.8417250437828372,6,1,0,Synthetic
13372,1430,9.35104895104895,8,1,1,Synthetic
16027,2110,7.595734597156398,3,0,1,Synthetic
8207,9897,0.8292411841972315,3,1,0,Synthetic
18400,7196,2.5569760978321288,6,0,0,Synthetic
5000,3000,1.6666666666666667,6,1,0,Concert
8000,5000,1.6,8,2,0,Sports
20000,15000,1.3333333333333333,10,0,0,Religious
10000,1500,6.666666666666667,2,0,1,Religious Risk
7000,1200,5.833333333333333,2,1,1,Concert Risk
15000,2000,7.5,3,0,1,High Density
